name,latitude,longitude
Cowboy Burgers & BBQ,34.0799951,-117.98895139999999
Mijita,37.7781747,-122.3907248
La Superior Panaderia,34.0545417,-118.27676749999999
Taco Shack,33.943177,-117.990859
Tacos Dos Primos,37.7442557,-122.1698268
El Guero 2,32.8422236,-116.9868341
MJ CAFE,33.996811699999995,-118.1481783
Cemitas,34.0268173,-118.3931825
Mexican On The Pier,33.839306,-118.3917182
Con sabor a Mexico,37.3253588,-121.89853699999999
Trevino's,37.9275935,-122.3205368
Lolita's Mexican Food,32.771033599999996,-117.0702359
El Palenque,37.6234201,-121.0188762
EL OASIS FRUTAL,34.0918069,-117.44696669999999
La Michoacana,34.0819621,-117.6891107
Taqueria La Fiesta,33.732498899999996,-117.88630739999999
El Jefes Taco Shop,32.770024299999996,-117.25274259999999
Terraza Tequila,33.9871747,-118.18817569999999
Taco Truck,35.9649821,-119.2922385
Tacos Y Mariscos,33.7384074,-118.2880763
Guadalajara Market,37.6072901,-120.9939017
La Papa Loca,34.0331421,-118.24578369999999
Sharky's Woodfired Mexican Grill,33.6967595,-117.82829869999999
Cactus Bar & Grill,35.3830556,-119.0547222
Chavez Guadalupe,33.9940754,-118.2780823
Restaurant Pollo Al Carbon,34.034568,-118.25746699999999
Viva Mexico Paleteria y Antojitos Mexicanos,37.3518967,-121.8709604
Tacos El Bronco,33.966341,-118.256726
Baja Fresh Mexican Grill,37.5109248,-122.26550839999999
Hugo's Mexican Grill,37.3856331,-120.72136739999999
Albeto’s Taco Shop,32.6080184,-117.067295
"Tonantzin ""Taco Goddess""",38.0094985,-121.3194022
Tacos fiesta LA,34.164698099999995,-118.362022
El Paraiso Food Truck,33.7371544,-117.8681543
Quesadilla Loca Estilo D.F Antojitos Mexicanos,33.778884,-118.2757547
Taco Grande,34.5211417,-117.3331384
La Gran Villa,35.3192259,-119.0735838
Commerce Birrieria,33.975412899999995,-118.12436029999999
"Ahumadas Mexican Grill and Tacos,",33.9313656,-117.40465599999999
Taco Bell,33.9451332,-118.34423059999999
Taco Chido,38.442263,-122.703448
Taqueria Santa Rosa,38.4291548,-122.74208139999999
Taquería Zapata,32.754745299999996,-117.12317879999999
Frida Tacos Melrose,34.083619299999995,-118.3468834
Estrella Market & Liquor,34.0799909,-117.98650409999999
Tacos Los Potrillos,34.008961299999996,-117.88596799999999
El Tortillazo Mexican food,34.2086104,-118.42254039999999
Antojitos Denises,34.0187333,-118.18710879999999
El Abuelo #2,35.3679408,-118.96786399999999
Mexipino Craft,32.5967963,-117.0767497
Cantina California,37.251453999999995,-121.8622321
La Mancha,34.2687175,-119.2487706
Fiesta Mexican Grille,32.8936078,-117.20371879999999
Panda Gordo,35.3737825,-118.96726029999999
Tacos El Tijuanazo,34.2010335,-118.50922779999999
Cha Cha Cha Cuba,37.5667695,-122.32396829999999
Tequila Restaurant,37.300123,-120.47887999999999
Mariscos La Morena,32.7562516,-117.09202909999999
Taqueria El Zacatecano,33.7820198,-117.2444079
Zócalo Folsom,38.6553878,-121.1251413
e•'lo•te,33.2057692,-117.03292379999999
Taqueria Corral,37.9970893,-121.8220295
Pupuseria La Paz,37.9585745,-122.35633659999999
Burrito Truck,37.767871199999995,-122.2193733
Garcias Restaurant & Catering,34.2041738,-119.1755417
Cesi's Cafe,35.8874861,-119.48813609999999
Tutis Fruties ice cream parlor,36.733342,-119.78973599999999
Cecilia's Mexican Restaurant,37.0624587,-120.8491521
Pepe's Taqueria,37.7924983,-122.3931387
La Estrella Tacos,34.120244,-118.199534
La Guadalupana Meat Market,35.962241999999996,-119.04192339999999
Crazy Tacos On 9th,34.0421707,-118.2560441
El Quetzal Restaurant,36.8078035,-119.70695479999999
Mi Lindo Apatzingan #2,33.917395,-117.472933
Fiestacos,33.9827272,-117.34106179999999
La Princesita Taco Truck,32.7828766,-117.1723128
Cervantes Mexican Food,33.8340057,-117.9158447
Mama Testa Taqueria,32.916534399999996,-117.1259195
Taqueria De Anda,33.829110299999996,-117.9765042
Merendero San Marcos,34.0358257,-117.93627240000001
La Familia Restaurant,34.0627041,-117.25394519999999
Mariscos Pueblo Culiche,33.7418068,-117.88487719999999
Los Tapatios,34.578967899999995,-118.08427329999999
Villa Del Sol Mexican Restuarant,34.257922199999996,-118.58092529999999
Carnitas Taqueria Nueva Italia,36.7658947,-119.7541308
Chipotle Mexican Grill,34.278766,-118.8667553
Tacos Playa De Oro,34.2241096,-118.58875479999999
Taqueria El Taconazo,37.360746,-121.9480835
Tacos Estilo DF,33.7825355,-118.2747256
Tacos La Penca Azul,37.768422199999996,-122.2193514
7 Luminarias,34.9695099,-120.57334929999999
Tacos el Fogon,37.4709584,-122.2021862
Taqueria La Plebe and More,34.2270129,-118.53645549999999
Rico's Taqueria,39.7596226,-121.6243545
TACOS MARY,34.221328,-118.3725743
Tia's Laura Mexican Food,33.8814448,-118.29104079999999
Dr. Burrito,37.410322,-122.0147743
Mariscos Archibaldo,37.295037,-120.48392559999999
Rosarito Grill,34.4164015,-118.4751845
Pollo Master,34.0603541,-118.2755086
Los Tripones,34.181391,-118.370081
La Pasadita,38.6771287,-121.7897385
La Pancita Feliz,33.935925,-118.0105973
Panaderia Amarilla,34.036311999999995,-118.257656
Tacos los 2 pollitos,33.7896804,-118.1929188
Sunrise Food Market & Liquor,36.960191,-120.04876499999999
El Favorito Taqueria,38.710065199999995,-121.08464769999999
Taqueria Plaza Mexico,37.991158999999996,-121.82360569999999
Mayah’s Restaurant Cafe,37.7672999,-122.4063407
Acai Republic,33.8870611,-117.8663304
Taco Bell,34.0344,-117.321
Taco truck tho,34.2232696,-118.5708186
Fatboys Taco,34.5796588,-118.1234688
El Torito Grill,33.8350066,-118.35632349999999
Tamara's Tamales,33.9922295,-118.4434873
Baiano Pizzeria - Berkeley,37.8728367,-122.2734581
Doña Estela Mariscos,34.046647,-118.237652
Tac-oh!,37.3039142,-121.89741579999999
Plata's Mexican Food,34.913362,-117.0236647
Los Primos Mexican Food,32.6527242,-116.96970329999999
Tacos Campestre,33.8086272,-117.225338
La Sirena Grill,33.9067228,-118.39052249999999
Mendocino Taquería,39.306987,-123.798333
Honduras kitchen,37.7149511,-122.44250009999999
Chicos Grill,37.4497509,-122.2315125
Camino Real Café,36.904171,-121.7485962
Tic Tac Restaurant,34.0202759,-117.9534915
BARBACOA MORALES,34.016608999999995,-118.18507
Tacos El CUÑADO,34.066407999999996,-117.7210121
El Indio,34.2642314,-118.4249617
La Rinconada Mexican Restaurant,33.7487463,-117.8698807
South Harbor Waterfront,37.662222199999995,-122.3836111
Laco Taco,34.4450431,-118.63896749999999
Mi Casita Purepecha,34.121637299999996,-117.2955102
O' Paloma,33.833925799999996,-118.1846824
Sancho's Taqueria,37.496474,-122.24809429999999
Las Cocineras Restaurant,37.7598556,-122.41457539999999
QDOBA Mexican Eats,33.792823,-117.8502704
"Justin Queso's Tex-Mex Restaurant & Bar - Mexican Food & More: Brunch, Lunch, Dinner & Late Night Drinks",34.0908826,-118.38610489999999
Mi Lindo Sinaloa Coachella,33.6895178,-116.18373179999999
Tury's Tacos,32.6980984,-117.1397799
El Gallo Giro,40.1802291,-122.2296142
Foodtruck,38.6805277,-121.7648517
Tacos Los Amigos,35.3712504,-118.971127
Marco's Restaurant,33.0369716,-115.62196639999999
De Oro La Puerta Mexican Restaurant,33.6733978,-117.9732719
Manoly's Bakery,34.0431907,-118.4579859
Taqueria Lago Azul,34.3546516,-119.0572031
Taco Bravo,34.0430475,-118.27447009999999
Alberto's Mexican Food,34.0854996,-117.6710361
Habanero Grill,34.058907,-118.41518909999999
El Capitan Taqueria,37.792795399999996,-122.42138949999999
Rebel Tacos,33.5245692,-117.1546001
taide's bionicos,33.9527778,-118.1944444
El Buen Taco,34.0543421,-117.7726569
Cafe Taboo,37.7616915,-122.40940049999999
Baja Fresh Mexican Grill,37.657047,-121.897301
El Merendero,32.808567499999995,-115.570375
La Catrina Restaurant,34.032593,-118.29640099999999
Restaurante El Gordo,34.2087417,-118.3885639
Tacos Catrina,38.0209726,-121.35983399999999
Saltillo Tortilleria,36.693556199999996,-121.59503579999999
Chuys tacos & bionicos,33.9381522,-118.21370999999999
Tierra Caliente Restaurant,37.968404,-121.27117559999999
"""BLUE ZEBRA"" LA ZEBRA AZUL RESTAURANT BAR, NIGHT CLUB",38.122705599999996,-121.26005629999999
Taqueria El Mexicano,37.4707874,-121.12771169999999
Don Quixote,37.0526122,-122.0734734
HomeState,34.1799488,-118.1592203
Carlito's Restaurant,36.682367899999996,-121.6690708
Los Alazanes Mexican Food,34.132576,-117.9859238
Taqueria Mazatlan,34.0841102,-117.31417839999999
LA PUREPECHA COCINA MEXICANA,34.0180455,-118.4901888
El Cesar,36.5445953,-119.2881192
Viva Zapata Restaurant & Cafe,34.0629889,-118.0575111
Aztec Grill,38.5485153,-122.8107196
Baja Bud's Restaurants,34.0479925,-118.4631055
Mariscos Costa Mar Restaurant,34.5796586,-118.12351679999999
Tortas El Guero,34.0576626,-117.6890083
Valentinas Taco Shop,32.5690691,-117.0046138
Pacific West General Store,34.0389023,-118.5548005
Oasis Burger,34.1503702,-117.2292126
Dunagan's Market,34.5789925,-117.4042267
Las Cabañas Mexican Grill & Taqueria,37.872726,-122.27330860000001
Raspados California,36.8010902,-119.7901687
Tacos a Cabron #2,34.0185816,-118.20614219999999
Paiche,33.9861837,-118.44198469999999
Mariscos Yucatan,33.9446192,-118.20809299999999
El Nopal Mexican Grill,38.5744896,-121.4791139
El asadero taco grill,35.382928899999996,-118.99854069999999
Restaurant Miramar,34.1953062,-119.17765
Los Gallos Taqueria,37.549374799999995,-122.0496299
Taqueria Guerrero,33.9416684,-118.02901179999999
TACOS COTIJA,40.1769464,-122.23915389999999
Salt & Pepper Taqueria and Catering,37.5194803,-120.8866979
Tacos Roger #1,34.0817245,-118.2869786
Tropikal Calle 8,34.697661,-118.14161
El Mexicano Taqueria,36.6055716,-119.78426689999999
El Gallo Giro,34.2773216,-118.45148839999999
Corazon Cocina,33.788998,-117.94086899999999
El Centro,39.1203806,-121.6162516
Mr V's Philly Cheesesteak & Burritos,33.9520785,-118.3087661
Hidalgo Tacos,33.9242568,-118.2544362
Suazos Tacos,33.8125877,-117.9924545
Fuego,33.9586725,-118.2326803
Rikas Peruvian cuisine,34.0693118,-118.29323049999999
La Estrella,39.4440543,-123.8057721
El Pollo Rico,34.435876,-119.8230904
Rancho Medrano,38.582149799999996,-122.84768039999999
Tony's #1 Mexican Grill,34.285606699999995,-118.5008505
Chevys,37.3965086,-122.1025871
Agave Azul Kitchen & Tequila Bar,33.863332199999995,-118.3999826
Los Portales Market and Carniceria,39.136147699999995,-121.6145016
El Valiente Mexican Grill,34.103628,-117.87294589999999
Sabor Mexicano Restaurant,34.0423496,-118.2806174
Taco Lullus,33.9247483,-118.0468259
Tacos El Gordo Authentic Mexican Food,35.331066799999995,-119.01374059999999
Mi Burrito Mexican Grill,33.8190631,-118.3877505
Rosa La Villa Restaurant,36.608961,-121.84793699999999
Morenos Taqueria,35.141069699999996,-120.64128269999999
Ponce's Tacos,36.7150308,-119.7183549
Ritual Açai,34.1179985,-118.2612554
Tacos Coco's Restaurants,34.004022899999995,-118.0776018
Nikkos Mexican Grill,37.4866278,-122.2320391
La Reyna Tacos #2,34.0343734,-118.2316338
Tinga,34.0723895,-118.3437551
Taqueria La Fortuna Taco Truck,33.7474521,-117.93789969999999
Tacos El Orejas,32.5444911,-117.04030189999999
Chronic Tacos,33.975212,-117.33255
Juanita's Tortilleria,33.9164603,-118.2302991
Taco Elgrullense,37.002786,-121.5620642
La Superior Mercados,38.679986,-121.7858821
Tacos El Guero #1,33.9701492,-118.2873644
Taqueria Y Pupuseria Zavala,34.0678884,-117.3323399
Tacos Gallo Loco,33.7127075,-117.86917109999999
Paleteria Penjamo,36.5401142,-119.389118
Taco Bell,34.106215899999995,-117.6002741
559 Taqueria,36.8145333,-119.70058069999999
Lalo's Mexican Antojitos,36.928418199999996,-121.7681308
El Silencito,34.0161321,-117.3353595
Tacos Cebrian,34.0480692,-118.21829389999999
La Serenata de Garibaldi,34.0467987,-118.2184753
Ubatuba Acai - Woodland Hills,34.166107499999995,-118.6061568
Doña Félix Restaurant,34.044522199999996,-118.35745279999999
Burritos El Potosino,38.6430976,-121.1912665
Arriba Baja Grill,33.6888267,-117.8965412
La Roca Restaurant,38.6707694,-121.76475219999999
Restaurante Las Fogatas,35.148891899999995,-119.4544305
Jose's Tacos Truck,33.9228065,-118.0281919
Del Taco,34.4462811,-118.4744633
Urban Chopsticks,33.888805999999995,-118.1376583
Tacos Jerez,34.1544787,-119.1780211
Taqueria Don Jose,33.9159933,-117.2329568
Golden Tamale,36.7361952,-119.7811907
Kayndaves,34.046943299999995,-118.49058099999999
El Forastero,34.1951789,-119.195343
Market Cocina,37.7237983,-122.45455279999999
El Torito,38.362024999999996,-122.71387399999999
Tacos El Venado,34.186828399999996,-118.3863222
Taqueria Michoacana,36.3161048,-119.2074584
Del Rosa,34.1449237,-117.25269069999999
La Cocina Rica Restaurant,34.147919,-119.17978799999999
Taqueria 3 Estrellas,34.3496664,-119.07698909999999
El Grullense Jal,37.4647577,-121.144235
Zacatecas Meat Market,34.0154199,-118.29999149999999
Sonora Express Mexican Fusión,32.7486911,-117.1269579
Los Pochos,33.9743882,-118.22339649999999
Tres De Asada Mexican Grill,33.901244,-118.2999687
Tacos Colima,34.2626437,-118.50255569999999
Mr. Carnitas Mexican Restaurant,38.61371,-121.4971123
Ceviche 19,33.8040962,-117.9420624
Tino’s Tacos & More,37.6795962,-121.77439419999999
Padrinos Taqueria,33.893084099999996,-118.3518682
El Chamango,34.074169999999995,-118.0364874
El Maguey Express,33.49718,-117.66839549999999
El Paiza Mex,33.1250139,-117.08657989999999
Cocina Los V,34.0186986,-118.1852873
Raspados El Diablito Loco Restaurant,38.6074212,-121.476535
La Esperanza Mariscos,36.9168702,-121.7509084
Taqueria Los Girasoles,37.321114,-120.52769199999999
El Tenampa,34.186300599999996,-119.1734848
Roger's Cafe,34.1933333,-119.16805559999999
Sylvia's Pupusería,33.9931918,-118.2649684
Ricos Tacos,33.914584,-118.22382689999999
Best Coast Burritos,37.8346988,-122.24970619999999
El Patron II Authentic Mexican Food,34.1149094,-117.77501459999999
Los Mariscos La Puente,34.052407599999995,-118.00162519999999
Maria's Restaurant Mexican Food,33.7825704,-117.9065955
Los Burritos,32.6799879,-117.0901877
Restaurante Panaderia Y Pupuseria Belen,34.2212083,-118.5365861
Fiesta Mexicana,34.0909097,-118.3107708
Taco Bell,36.6385345,-120.6261444
Pacos Grill-Tacos,33.829319,-117.91135299999999
Tacos Radioactivos,33.7578031,-117.8672701
Los Potrillos Restaurant,39.1558674,-122.15077169999999
Mi Taco Shop,32.8010659,-116.96006129999999
La Frutifresca,34.1751103,-119.1809052
Hub Liquor & Tacos,34.2884685,-118.4478257
Burritos Santana,33.839449,-117.88887419999999
"""TACOS"" MICHOACAN",34.193687499999996,-118.5319622
Sabra Fish Grill,34.2406054,-119.1787559
Olocuilta,34.0633537,-118.30958319999999
Delicias Oaxaqueñas,33.9286078,-118.2153137
Fondita Elisa,37.956202999999995,-121.3328932
Peruvian Rotisserie Chicken,33.685120999999995,-117.98779599999999
El Borrego Restaurant,34.0284154,-117.66672849999999
Rodeo Mexican Grill (Echo Park),34.077716599999995,-118.25898919999999
bestrouter,36.9530556,-120.05222219999999
Viva Baja Grill,34.052827199999996,-118.0907733
Gonzalez Restaurant,34.198003,-119.17721189999999
Casa 7 Mares Restaurant,34.2076238,-118.38750879999999
Arteaga Mexican Restaurant,36.6052156,-119.5257559
El Pollo Loco,34.23744,-118.52816
El CAMARONERO #2,34.318329999999996,-118.4644733
Sol y Luna Cocina Mexicana,37.934152999999995,-122.074255
Taco Bell,37.723656999999996,-121.94293599999999
Leyva's Mexican Food,33.9733764,-118.164188
El Cielito Lindo,34.0716505,-118.2220756
Lunch Taco Truck,33.9711072,-118.0673204
Sub Society Incredible Sandwiches,33.7930557,-118.3307504
Pedro's Cocina,38.449297,-121.8267108
El Primo Taco Truck,34.0591393,-118.2641074
EL GRULLENSE RICO,35.9604606,-119.04382319999999
America's most wanted menudo,33.9995068,-118.0843586
LA REYNA RESTAURANT,33.7225941,-117.8676742
La Doña Mexican Cuisine & Bar,38.4418935,-122.7170805
Burrito Factory,33.72683,-118.28779499999999
Chikali Mariscos Y Tacos,36.3354867,-119.29224789999999
Martita's Kitchen,37.7486566,-122.4031388
Taqueria Los Tres Amigos Inc.,34.0668782,-117.9730001
Azure Tavern & Lounge,34.1679011,-118.6164055
Del Taco,35.349048599999996,-119.1293475
Taqueria Los Primos #2,37.572880999999995,-122.3310357
Mi Rinconcito Oaxaqueño,37.3232692,-121.92328289999999
Taco Bell,34.6054524,-118.1529288
Baja Fresh,38.262516,-121.29812
Eve's Enchiladas,36.213223,-121.123008
La Michoacana,33.801802699999996,-117.1451247
Mariscos Y Sushi El Patron,38.6497775,-121.2923812
Taqueria Durango,37.5970201,-120.86641589999999
EK Valley,34.0314043,-118.37826679999999
Fresca's Mexican Grill,33.6330799,-117.71188099999999
La casita olvera,33.9157642,-117.9333671
Viva Mexico,33.929695099999996,-118.1837845
La Barca Market,37.9975361,-121.7130366
Gracie's Mexican Deli,34.238326199999996,-118.37496499999999
Corazon y Miel Closed,33.975727299999996,-118.18700369999999
Super Taco,34.064670299999996,-117.7073624
El Ranchito Autentica Comida Mexicana,33.8359972,-117.88904699999999
Tacos Estilo D.F,33.8319548,-118.22243259999999
El Pollo Grande Restaurants,33.942838,-118.361114
Taqueria La Cabaña E&E,34.066547199999995,-118.0169394
Taqueria Ramirez,39.4034461,-123.35994749999999
Tacos Guadalajara,33.795140499999995,-118.1934886
Pancheros Mexican Grill,37.5013724,-121.9696036
Tacos 210,34.1887702,-118.1506958
California Chicken Mexican Grill,34.0387029,-118.2502391
Market Cocina,37.8933586,-122.117205
Zapopana's café Tortas Y Raspados,34.1064757,-117.8997711
La Auténtica Michoacána,34.1075654,-117.39933769999999
Martinez Monkey Tacos,33.7973948,-117.903424
Daniela's Tacos,34.2145881,-118.3878173
TE AMO TACOS,34.186495799999996,-118.4490079
Taqueria El Limoncito,34.0790362,-117.351587
Mariscos-Land,33.9434286,-117.4527885
Mexico Lindo,37.9402536,-120.606719
Las Brisas Autentic Mexican,33.8040388,-117.94057509999999
Armando's Mexican Food,34.121834899999996,-117.38217119999999
Cerveteca DTLA,34.046635,-118.2341762
Cristi's Restaurant,33.820325499999996,-117.9936809
Yuri's Taqueria,37.7299241,-122.1391883
"Lopez Fine Wines Liquor & Taqueria, Toro Park",36.6054344,-121.6965469
Taqueria Los Altos,33.802107,-117.93732209999999
La Baja Mexican Food,32.748207,-116.97956839999999
Tacomania Willow Glen,37.3039317,-121.8974078
Taqueria Maria,37.687363999999995,-122.47271029999999
Olas Mexicali Grill,37.668757299999996,-120.9920736
El Arepazo SF,37.7624274,-122.4192659
Don Taco Truck,34.2632141,-118.9945755
One Stop Taco Shop,33.7077537,-116.19869399999999
Casa De Papi Mexican Grill,34.2005602,-118.61366059999999
Baja Fresh Mexican Grill,36.6394348,-120.62745659999999
Tacos Mi Rancho,37.7989629,-122.2565005
Los Nopales Restaurant,37.2791436,-121.8328239
Nuevo Amanecer,34.020584,-118.13045199999999
Tortas Ahogadas El Gallito,32.6148788,-117.08283279999999
Poquito Mas,34.093517299999995,-118.3782662
La Carreta Mexican Restaurant,36.747004,-119.78122359999999
Taqueria Los Primos #2,33.789611199999996,-118.21782239999999
YBÁ - Authentic Brazilian Açaí & Tapioca Crepes,33.425452299999996,-117.6155208
Gloria's Mexican Food,33.6428903,-117.9290434
Taqueria Don Jose # 4,34.0689243,-117.3369944
Papayin's Taco Shop Mexican Food,32.7047265,-117.1296677
Tacos los carnales,34.1045351,-117.6217329
Habanero's Mexican Food,34.0879287,-117.685913
La Baja Gourmet,34.556472899999996,-117.28949449999999
Javi's Tacos,37.475977199999996,-120.84830769999999
Lalo's Taqueria,36.7428392,-119.74405829999999
Taqueria Santa Cruz Express 2,35.2945347,-120.67048869999999
Mariscos Y Taqueria Ixpalino Sinaloa,37.574413,-122.316819
Birrieria Guadalajara,33.9182281,-118.1692003
Carnitas Michoacan,34.2494486,-118.6066511
Tacos Cortes,39.72156,-121.827756
Las Enchiladas Restaurant,33.917391699999996,-118.1693085
Mi Patria Restaurant,33.956015199999996,-118.1019383
Daniel's Taco Shop,32.7880952,-116.94428429999999
Juice Unwind,39.5050818,-121.5503134
Cotija's | Mexican Restaurant,38.328596399999995,-122.70890829999999
Birria Estilo Tlaquepaque,33.8963241,-118.19187919999999
Taqueria el azteca,37.994278699999995,-121.3029897
Taqueria El Jarocho 3,37.6375537,-122.0560675
The Patio Express: Fresh Peruvian Food,33.986457,-118.102654
Chipotle Mexican Grill,33.8039627,-117.8871662
Taqueria Lolita,33.896360099999995,-118.1959378
La Cocina De Mama,36.735255099999996,-119.7909528
Malbec Argentinean Cuisine,34.139246299999996,-118.2021893
Cafe Durango De Chi6ix,37.7060423,-122.46175099999999
Marisco & Tacos,34.012617,-118.136703
Carnitas Michoacanas,34.2282358,-118.3666856
Waffles N Cream,33.9474859,-118.0885813
Chipotle Mexican Grill,32.6825342,-117.1786497
Acapulco,33.13574,-117.18882599999999
Taco Camilas,33.7308843,-117.8835496
Taco's and Beer's,36.9961147,-120.07512559999999
Las Palmas,36.778810899999996,-119.8277471
El Kora,37.9412746,-122.34710419999999
El Comal Taco truck(The Grill On Wheels),37.9112126,-121.22632879999999
Tortilleria Zeamays,35.5945214,-119.33881439999999
La Parrilla Fresh,34.2062856,-118.5362308
Pili's Tacos,34.0414052,-118.46086729999999
Picanha Churrascaria,34.1833561,-118.3098442
Trujillo Family Restaurants,34.0099782,-118.25638749999999
Birrieria Nochistlan,34.035277,-118.2002591
TQLAS,33.677073199999995,-116.3028698
El Quiubole,33.9585869,-118.1851884
Tacos el Picosito,33.9356875,-118.3524375
El Charrito's Mexican Deli,39.3124063,-121.4176497
High Tech Burrito - San Anselmo,37.9816177,-122.5661263
El Tamborazo Restaurant,39.369338,-121.688278
Casa de las Fajitas,35.6746068,-119.2287903
Chronic Tacos,33.465804999999996,-117.691284
The Best Salsa,36.5450938,-119.2956701
DF Tamales,34.105877,-117.38837149999999
Bodegón No.69,34.1471559,-118.1491305
Don Pico’s Mexican Bistro & Cevicheria,37.622065899999996,-122.4123741
The Mexico Cafe Temecula,33.472986299999995,-117.12486969999999
Viva Jalisco,34.2940697,-118.42631879999999
Taqueria Los 3 Carnales,34.0211111,-118.1616667
Gringo Tacos Burritos and More,35.6167267,-120.6587776
Amorcito Corazón Mexican Bistro,32.7419444,-117.1302778
Mamá Por Dios,34.0734207,-118.3824994
Tacos Morelia,38.174896,-121.261552
Dia Y Noche,37.8991502,-122.06254899999999
Don Pollo,33.859601999999995,-117.9737315
South Tacos R&R,34.020449299999996,-117.6102528
El Ahorro Market & Deli,37.7414698,-122.4227394
George Lopez's Chingon Kitchen,33.828741,-118.34638899999999
La Casita Chilanga,37.3193489,-121.8817746
Supertacos Taqueria,36.6105377,-119.53093299999999
Huaraches Y Quesadillas Chayito,34.2674124,-118.41989319999999
TACOS CALIFORNIA,36.7717399,-119.8539428
The Latin Chef Liberty Station,32.7400003,-117.2111934
Tacos Y Mariscos El Picante,33.749213999999995,-117.8980495
Casa Jalisco Restaurant,34.2532703,-118.4075798
Tacos El Jalisciense,36.426595999999996,-121.3264729
Birrieria Sergio,39.2647195,-121.5970615
Pepe's,37.639846299999995,-122.05826769999999
La Casa Del Clamato,37.5944417,-120.9693028
Cilantro Fresh Mexican Grill,34.047433999999996,-118.2614258
Chronic Tacos,35.27977,-120.66158
Taquería at Tortilla Jo's,33.8092804,-117.9237479
Tacos El Venado,34.185204299999995,-118.46681339999999
El Chef Tacos,33.7518457,-117.98928219999999
Taqueria El Flamazo,36.6883099,-121.61071299999999
The Green Chili Jr,33.9009645,-118.0339465
Pipirin,37.7774381,-122.22361389999999
Taco mixes,34.0075558,-118.2738182
Taco Perron,33.7394447,-117.86748499999999
El Torito,37.3853124,-121.98057209999999
Patron Mexican Grill,37.898699,-122.06156899999999
La Pinata Mexican Restaurant,37.5299481,-122.0392176
Diaz Brothers Mexican Catering,32.704393599999996,-117.0934305
Taco Safary Mexican Food,33.974160999999995,-118.2229892
Tacos Del Sol,37.768823,-120.8399982
Mariscos Chinola,37.959758,-121.271671
Chico's Grill,37.736371999999996,-122.424143
Chitos Birerria,37.6070685,-120.99413059999999
La guacamaya taco truck,37.6143755,-120.9932558
Taco Bell,37.8196241,-121.99591679999999
El Torito,33.8875245,-117.8629503
El Pollo Feliz,38.6286639,-121.35418329999999
TAQUERIA LA GUADALUPANA,34.0101582,-117.95992779999999
Otra,37.771927999999996,-122.4334751
Mariscos Valencia Restaurant,33.734899999999996,-117.83638889999999
Red Top Cafe & Restaurant,37.081410399999996,-120.4740037
Evil Cooks,34.075254099999995,-118.1804913
Nossa Restaurant,34.1072714,-118.2872178
Tacos El Pollo y El Pollito,37.2605319,-121.8095733
Picca,34.055448999999996,-118.397616
El Mustacho,32.8015918,-116.9354671
Chipotle Mexican Grill,34.115649999999995,-118.150757
Tortilleria la rancherita,34.202843699999995,-119.1790686
Valenzuela's Cafe,34.8468972,-114.6126357
Sazón Zapoteca Restaurant,36.9671778,-120.0636516
Horchata Mexican Food,34.0009607,-118.3946644
La Güera Poblana Quesadillas,34.2253387,-118.465313
Restaurante La Carreta,36.0062557,-120.1255971
Taqueria Gonzalez,36.1441173,-120.35659249999999
Bionicos Y Jugos Guadalajara,33.7479521,-116.929125
T&L POLLOS GRILLED & ROTISSERIE CHICKEN,33.98211,-118.0369286
Puertos Del Pacifico,34.0267914,-118.21940989999999
Restaurant Cafe Valparaiso,37.890937,-122.28998469999999
La Kebrada Restaurant,36.7508906,-119.8440196
Tacos Raul,33.9039358,-118.20976089999999
Guacs Mexican Grill,34.0308828,-118.009023
Las Americas,37.5656563,-122.3227419
Taco Express,33.9521751,-118.3765411
Tacos Duran-Go,36.7501019,-119.7638212
Tacos La Mezcla,32.7557605,-117.14223849999999
El Pollo Habanero,33.935918799999996,-118.20889179999999
Tacos Los Carnalillos Taco Truck 2,34.0034096,-118.2829661
Maya Mexican Grill,37.878057999999996,-122.18104299999999
Xalisco Tacos,33.7308781,-118.2877863
Tacos El Puma,33.781239899999996,-118.2445798
El Paraiso Cafe,37.7510645,-122.41298289999999
Gaucho Grill Woodland Hills,34.1875212,-118.5978935
Viva Michoacán Restaurant,37.3251955,-121.84684499999999
Cactus Mexican Grill,34.155890299999996,-118.483374
El Tarasco Bravo,36.983986699999996,-120.6264291
Ranchero Catering,38.0691755,-122.12856319999999
Tacos Esquinita,34.054804499999996,-118.27745759999999
Oscar's Authentic Mexican Food,32.7536652,-117.2171245
Taqueria Hernandez,34.1714504,-119.17823539999999
Hornitos Cafe,37.778627199999995,-122.227605
Agave Birrieria,33.0646404,-117.2931912
Marielas Tacos,33.7595063,-117.9108411
Birrieria And Menuderia Del Toro,32.5951966,-117.0801675
MARISCOS DEL PACIFICO,35.776523399999995,-119.2331835
Los Cabos Grill & Cantina,33.946798,-118.1490886
Taqueria Chicolandia,33.7457341,-117.9010946
"tacos ""la chapis""",34.0161292,-118.1370379
La Gordita Mexican Food,33.5569138,-117.18500139999999
Ramones Mexican BBQ,33.376182799999995,-117.4789239
El Mesquite Restaurant,34.0725932,-117.39577729999999
Rero's Burrito Co,34.0684013,-117.92945089999999
El Uli Mar Y Tierra,34.293015,-118.4149753
Carrillo's Mexican Food Inc.,36.7857926,-119.8356354
Génesis Restaurant & Coffee Shop,34.269224799999996,-118.40772829999999
Las Brisas Mexican Restaurant,33.9266086,-118.3522443
Antojitos Tropicales,34.0183369,-118.2688381
Taqueria San Martin,33.8282609,-117.9595385
Taqueria Mi Ranchito,36.670510199999995,-121.6264865
Ricos Tacos El Guero,37.3121152,-121.8699673
Ornela's,36.7503196,-119.7917676
Tacos Punta Cabras,34.031079399999996,-118.4773178
Tukut Lounge at San Manuel Casino,34.1503489,-117.22910089999999
Toros Meat Market,33.977374,-118.1794
El Cuco Restaurant,33.7448072,-118.28766139999999
Chipotle Mexican Grill,34.1462581,-118.11557959999999
Martha's Kitchen,34.044844,-118.2411807
Mama Coco Cocina Mexicana,37.504654599999995,-122.2585981
Golazo,34.011278,-118.2775897
La Fonda Mexican Grill & Cantina,35.376431,-119.016928
Dos Vaqueros Mexican Food,33.1351611,-117.07960279999999
Tacos Martin,34.1474809,-117.340576
El Sancho Mexican Food,33.9883856,-118.305582
El Tepeyac Restaurant,34.0917096,-117.2771983
Carisoul BBQ,37.350427599999996,-121.8942208
Brasas Mexican Grill,36.0984395,-119.55906789999999
El Calabozo Taqueria,38.0009589,-121.83757779999999
Taqueria Los Tres Garcias,33.782607999999996,-118.15000909999999
Karina's Mexican Seafood,32.614361599999995,-117.08327919999999
El Tio Restaurant,33.9287245,-118.2145626
Tacos Tortas & Burritos,34.018825,-118.2547197
Carnitas El Mirador,33.786063,-118.2751531
Real Colima 1 Restaurant,36.9022771,-121.74853929999999
Barbacoa de borrego estilo texcoco,34.0919532,-117.3058624
Karina's Cantina,32.8426194,-117.2719049
Juanito's Express,36.5428445,-119.387963
Tropicocina Grill,33.7390441,-117.92042889999999
La Costenita Mexican Food,33.7448597,-117.89290539999999
ZAMORA BROS. EAST LA,34.0407779,-118.1624781
Frida Tacos – Campus Village,34.1461843,-118.1148968
Taqueria Cowbell 67,37.608751999999996,-122.064511
Mr. Taco Man,37.5644061,-122.3222622
Los Cubanos Restaurant,37.250009999999996,-121.832934
El Garibaldi,34.0039166,-118.2844774
Hermanos,34.0437825,-118.32197169999999
R Mexican Food,36.8502198,-121.39694259999999
TAQUERIA CAROLINA # 3,37.6888016,-120.922652
La Casa Cuevas Mexican Food,40.4546385,-122.2907601
Super Tacos Panchitos,33.8764041,-117.5232504
Taqueria La Bamba,37.3945769,-122.0788905
Nene's Colombian Food,33.8990349,-118.3443447
Chiquitas Mexican American Resturant,37.2880262,-120.452483
Molcajete Grill,33.758537,-118.0166411
Tortas Ahogadas Las Originales,34.2229664,-118.4496003
El Torito,34.4205993,-118.58268029999999
Shark Shack,37.6718307,-122.08413469999999
Cult Taco,36.5981066,-121.8946041
Tacos El Pelon,37.3257135,-121.8182657
El Sol Restaurante,34.074707,-118.0121994
Tortilleria Guadalajara,34.1860412,-118.92905289999999
La Michoacana Restaurant,34.0218406,-117.3324124
Taqueria El Ramy,36.98714,-120.055702
Closed,36.959928,-120.045104
Los Escalera's Taco Shop,33.783827699999996,-117.8678903
El Patio Mexican Birrieria,37.354763,-121.88782599999999
Tacos Pacheco Taqueria,36.659189999999995,-121.657792
Raffa's Carniceria Panaderia Taqueria #3,34.0803161,-117.74167709999999
La Adelita Mexican Restaurant,35.4833263,-120.6600512
La Cocina By: Don Manuel,34.0408659,-118.1752456
Zendeja's Mexican Grill,33.9875,-117.71555559999999
Ana’s La Gran Fonda / Bionicos,33.8813247,-118.2932644
Jimenez Taco Shop,36.5168062,-119.5490999
Taqueira San Miguel,34.106317499999996,-117.3533472
Tacos De Birria De Res,33.9964851,-118.2500355
Paco's Tacos,33.8296109,-117.9408382
The Taco Truck,35.6891585,-119.24119569999999
La Especial,34.0909502,-118.2236988
MX 30-30 ll,34.073471999999995,-118.1728055
Coupa Cafe - Marston,37.4878393,-122.2261795
Qala Peruvian Seafood & Grill,32.8396989,-117.2752812
Alebrijes Oaxacan Restaurant,34.9529569,-120.4294638
Taqueria y Carniceria San Miguel,36.950399499999996,-120.0565482
Lucero's Mexican Food,33.7638053,-118.0069427
El Indio Tortillas Factory,33.748714899999996,-117.8886014
Babita Mexicuisine,34.0762954,-118.0909343
Campesino Cafe,37.9392594,-121.28299609999999
Jora Peruvian food,37.3365173,-121.89502949999999
Tacos Gallo Loco,33.917621499999996,-118.03394329999999
tacos super gallito,33.917621499999996,-118.03394329999999
Taqueria El Jaliciense,34.2207284,-118.6051991
Carniceria Argentina Alex Meat Market,34.186473899999996,-118.3892102
Los Abuelos Family Restaurant,34.5098303,-117.31890849999999
Tony Mariscos Restaurant,34.0791001,-117.9893116
La Michoacana Bakery & Taco Shop,37.4314567,-120.77730919999999
Mendoza’s Tacos (FoodTruck),37.9403169,-121.2788384
Taqueria Sin Frontera,36.2113851,-119.326315
Tacos El Pelon,34.0165179,-118.1575632
Davina's Mexican Restaurant,33.2168473,-117.3449009
Casa Guerrero,34.0855902,-117.9672672
Tortas Ahogadas Chapala Mexican Food in Victorville,34.5234804,-117.30650779999999
La Fiesta,32.712007199999995,-117.16027299999999
Fina Estampa,37.3019444,-120.48888889999999
Fine Mexican Food,38.4245038,-121.3923421
Marina Restaurant,37.705037,-122.179446
La Parrilla Taqueria,35.4862593,-120.66283639999999
"MCX Food & Service Plaza, Camp Pendleton, CA",33.3008072,-117.31126169999999
Comal Next Door,37.809036299999995,-122.25041519999999
Bravo Carne Asada & Beer,32.715564799999996,-117.15952469999999
Tacos El Catracho,33.7308847,-117.8835237
Mi Durango,34.6501103,-118.1470569
Rancho Fresco Mexican Grill,37.5662778,-120.9943972
Doc's Drive In,36.329976099999996,-119.29809019999999
Mi Lindo Oaxaca Restaurant,34.0839783,-117.9696941
La Poblanita Kitchen,36.575966,-119.61052199999999
Pepe's Tortas,33.8018072,-117.2242438
Bionicos Y Raspados Puebla,34.5316136,-117.29772179999999
La cruda (tacos y mariscos),37.302686,-120.49311809999999
Akna,37.7777228,-122.4230145
Jessica's Tacos,37.6138153,-120.99362939999999
Lucia's Fresh Mexican Grill & Cuisine,38.6443198,-121.45606409999999
Intiraymi Restaurant Peruvian Cuisine,34.023199399999996,-117.8097511
TAQUERIA FARIAS,33.9412856,-118.34426239999999
Taqueria El Viejon,33.8369497,-117.8889457
Arsenios Mexican Food,36.8095534,-119.87182179999999
Taco Bell,37.7689594,-122.23228499999999
Ositos Mexican Pub,37.0994385,-119.3181817
La Mas Meat Pollo Two,34.009042,-118.2786096
D'Angelo's Mexican Restaurant,36.909895,-121.75706609999999
El Patio Mex Grill,34.0180448,-118.1087268
Chipotle Mexican Grill,33.8357293,-118.1884748
La Catrina,37.8176099,-122.2617487
EL RANCHO MEXICAN RESTAURANT,38.513715999999995,-121.4674895
Nuevo Vallarta Restaurant,38.6074165,-121.4763461
El Piquin Mexican Grill,33.987136,-118.18817829999999
El Pirata Mexican seafood,34.018226999999996,-117.8114305
Carnitas Michoacan,34.2495575,-118.58815419999999
Los Compadres Taqueria,37.6549623,-122.4083544
El Rey Agave,33.973917,-118.220332
El Guero,33.7802199,-116.46710449999999
El Super Taco-N-More (Taco Truck),36.742902699999995,-119.71870089999999
Velarde's Fruits,34.0479252,-118.21002039999999
La Casa Del Cocinero,33.9175281,-117.9958496
Mariscos Las Islitas - Anaheim St.,33.7824029,-118.1940839
Rancho Viejo,32.8363654,-117.02272629999999
JALAPEÑOS MEXICAN FOOD TACO TRUCK,38.080691099999996,-122.13289259999999
Arbol del Tule,33.84036,-117.95825339999999
CAMICH FT,34.107250199999996,-117.91309349999999
La Esquinita Mi Pueblo,36.1973766,-120.1037652
Tacos Avalos Birria de res estilo T.J.,33.9449718,-118.2462575
Reyna Market,33.734166699999996,-117.8766667
Tacos Marline,34.012029399999996,-117.3635633
Rincon De Guayabitos,34.0212071,-117.95217219999999
La Cocina,33.865327,-118.353737
Panda's Mexican Restaurant,32.780727899999995,-116.96729889999999
Tacos 3 Amigos,33.8105474,-117.99258259999999
Restaurante El Gordo,34.0218363,-118.2044021
Taqueria Jerez,34.2262318,-118.44850659999999
Mariscos Taco de Mexico,35.135726,-119.46537599999999
Amigos Cantina & Grill,33.9875,-117.71555559999999
Wunder-Eats,34.0640725,-118.3727808
Taco Bell,38.7619433,-120.57786209999999
Pollo Rico,34.0750167,-118.0119924
Tacos Jalisco,39.2350509,-120.01867449999999
La Casita Poblana,34.0101181,-117.92783759999999
Mariscos el Tarasco,36.6044001,-119.43348089999999
Cocina Calavera,32.7487073,-117.1612856
Baleadas Y Más,34.1864989,-118.44923519999999
Vicky's Restaurant,34.044024,-118.21083949999999
Ramírez Taqueria,34.0287088,-117.95099669999999
El Rancho Mexican Restaurant,33.889590999999996,-117.22595799999999
Mija's Mexican Food,34.4273202,-117.37582549999999
Centennial Ranch,38.3787853,-121.4548346
Limón Peruvian Cuisine,36.875178,-119.777868
Tortas Brabras,33.9583425,-118.1402078
El Kora y El Sinaloense Restaurant,39.1539023,-123.20778779999999
Mar y Tierra Tacos Fish,33.885518399999995,-118.08223219999999
Josefina’s taqueria,41.7226144,-122.6394177
Contigo Peru,34.4724954,-117.33990469999999
Taqueria Durango,38.272322599999995,-121.9539164
Antojitos Hippocampos,37.364846,-118.39644299999999
Sonia’s Taco Truck,34.134749299999996,-118.2152459
San Marcos Mexican Food,37.8005426,-121.21609289999999
Yolis Snacks,36.610582,-119.547444
Mi Lindo Nayarit Restaurant,33.998371299999995,-118.2566559
Taqueria Jalisco,36.6762023,-121.6296809
Birrieria Y Taqueria Yahualica,38.026473599999996,-121.9355954
La Luz Ultralounge,32.6702778,-117.02138889999999
El Tecolote Sinaloense,35.3311025,-119.0137816
Mexicalpan,33.9494727,-118.27365739999999
Las Muchitas Pupuseria & Restaurant,36.9859144,-120.6286815
Acapela Modern Mex,33.976199099999995,-118.37379759999999
Mela's Mexican Restaurant,39.2646807,-121.5969973
Taqueria El Buen Sabor,37.7121719,-122.4053885
Dahlia Mexican Grill,37.566302799999995,-122.32355
MCAU,34.0652778,-118.25999999999999
Los Alteños Taqueria,35.479089099999996,-119.27890459999999
Dona Mercedes Restaurant,34.282405499999996,-118.44149259999999
Chuys Tacos Y Taquisas,36.765348599999996,-119.8358172
El Rey Del Marisco,33.7492361,-117.91903119999999
Real Good Tasty Food,34.265979,-118.4226037
Taqueria La Unica Strathmore,36.1496269,-119.06301959999999
Taqueria Ahi,38.3926444,-120.8029914
Taco Lulu Mexican Food & Catering,33.9242464,-118.0462701
El Palmar Salvadorean Restaurant,34.0693224,-118.2932896
Aztec Grill,38.4319038,-122.7052612
Las Champas 12,34.0235601,-118.17066419999999
Giant Burrito,37.8160229,-122.2747924
Pollo Asado Mr. Jimmy,38.942820999999995,-121.09294089999999
Una Mas Mexican Grill,37.7937908,-122.39412189999999
Mexicali Street Tacos,32.7550138,-117.1205178
EL PRIMO TACO TRUCK,36.8508181,-120.6545383
Pancho Villa Restaurant,33.7973397,-118.1888642
Taqueria Los Altos,37.7393444,-121.4236528
El Fogoncito Taqueria,39.1272735,-121.5564804
Taco's Bruno's,36.7499885,-119.7769927
Acapulco,34.0974894,-118.28662059999999
Tamales Alberto Echo Park,34.0769866,-118.2583459
Tierra Caliente Mexican Food,34.107994999999995,-117.9208475
Mariscos Las Reynitas,33.981669499999995,-117.3405671
El Tarasco Restaurant,38.4049493,-122.8290133
Restaurant Acapulco 2,33.7602377,-117.9061339
Casa Del Rey,33.7156016,-117.87039279999999
El Taquin Mendoza,36.7721303,-119.8494238
Tacos Mexico,37.492979399999996,-120.8434513
La Cabaña Mexican Grill,37.9140717,-121.22605619999999
"Taco Truck ""La Sabrosa""",36.0979843,-119.0377044
El Torito,32.912149,-117.14711199999999
El Camaronero Restaurant # 1,34.2966334,-118.4561504
TACOS JR,34.235095099999995,-118.4361005
Tacos Burritos Tortas,34.2015534,-118.38752939999999
Pacos Tacos Stand,33.8587571,-117.9616411
Taqueria 2 Gallos De Oro,36.6932426,-121.59684569999999
Carniceria La Esperanza,34.053955,-117.9750976
Aurora's,33.4667238,-117.70146179999999
Guadalajara Meat Market,33.9292686,-118.16550529999999
Mariscos del Rey,36.7930755,-119.72871389999999
Tacos El Jalicience 3,36.9149982,-121.75339539999999
Vecinas Mexican Restaurant,38.1100482,-122.24113469999999
Taqueria Truck,33.9911041,-118.20462029999999
Fountain Springs El Tapatio,35.8925297,-118.9182682
Taqueria Los Primos,34.4170689,-118.4516314
Tacos Neza,34.098271499999996,-118.35299769999999
Birria and Pozole To Go,34.1895856,-118.6063549
Criollos Mexican-Mediterranean food,37.8032316,-122.2678036
Viva Taqueria,37.3376167,-121.9506528
El Portal,34.092621099999995,-117.43551719999999
Tacos al Vapor Estilo Guadalajara,34.004318,-118.0781349
El Michoacano,33.755502799999995,-117.8855811
Chipotle Mexican Grill,34.1571414,-118.43730269999999
Las Morelianas,33.74687,-116.958806
Casa Gazcón Mexican Grill,33.9492901,-118.08991119999999
Tacos MX,34.0453775,-118.25399669999999
Lupita's Meat Market,34.0329097,-118.30561999999999
Broadway Diner,32.607267,-117.079993
Antonio's Quick Lunch,39.143622,-121.65083779999999
Asadas Mexican Restaurant,36.0553665,-118.96708609999999
Taqueria Guerrero,36.9723726,-120.06285039999999
Taqueria El Tapatio #12,34.2405676,-119.176963
Paraíso Del Mar,34.2270213,-118.435182
Los Pambazos,37.2997757,-121.9497593
Huarache King,36.212603099999995,-121.12740649999999
Taqueria Valparaiso,37.6384395,-121.01255289999999
Las Brisas #1,33.7439882,-118.2876479
Cariblue,37.487046,-122.22013539999999
Las Nuevas,34.0361761,-118.1868245
Urban Tortilla,37.619023999999996,-122.3842085
Corazon Urban Kitchen,34.075209799999996,-117.7524375
Churros y raspados,34.032797099999996,-117.70622499999999
La Morena Taco Shop,32.7211059,-117.0863535
Z’s,34.0236028,-118.1335787
El Zocalo Mexican Steakhouse,33.7474899,-117.8338318
Tacos Guadalajara,34.2285866,-118.4652443
Pancho's Tacos Truck,33.7827586,-118.1978434
Tangonadas,34.4220517,-119.7022832
Al Carbon Pollos a la Brasa,37.566596,-122.31857
El Borrego De Oro,38.4984957,-121.42972499999999
Taco Bell,36.8335258,-119.9153182
Costa Delmar Mexican Restaurant,33.9149212,-117.4849881
Morada Neveria Y Paleteria,38.0204398,-121.278145
Taco Nacion,34.0523891,-117.5576833
Lily's Cafe,36.7364125,-119.78636259999999
Birrieria San Marcos,34.2278145,-118.48511189999999
Mejia's Mexican Food,33.8395443,-118.0814271
El Frijolitos Restaurant,36.003253099999995,-120.1317457
Fruteria La Capirucha,32.6084937,-117.080348
Mi Casita Restaurant,32.811115199999996,-115.3762055
Tacos Moreno 3,36.9718666,-121.9516883
1810 Argentinean Restaurant,34.0418713,-118.255055
Tacos El Compadre,37.5547092,-122.00996819999999
Mariscos El Pargo,33.9257311,-118.0471451
Seaside Bistro,33.7222153,-118.31043109999999
Inca's Palace,37.8992222,-122.3074607
Tacos El Gordo,36.8015174,-119.7365112
El Chacuaco Restaurant,38.6371167,-121.32182189999999
El Pollo Norteño,33.7458995,-117.85076009999999
Los Adobes Taqueria,37.963432399999995,-121.33595
Taco Movil,37.798764999999996,-121.0385062
El Matador Authentic Mexican Food,34.168683,-118.1133194
Carnitas Don Julián,33.745168,-117.8956183
El Manjar Restaurant,34.2825124,-118.4414132
Ms Whis Fiesta Mexicana,33.802226499999996,-118.2151229
Taqueria Zihuatanejo 2,36.612075,-119.55432499999999
Carnitas Michoacan,38.6166462,-121.4750086
Tacos el Pony,34.0039906,-118.2722294
Chile Red,34.122119,-117.5954563
El Cazador,39.4039889,-122.00966749999999
Quetzal taqueria and antojitos,37.9253752,-122.33973569999999
Tacos L Beso truck,33.7516618,-117.90235799999999
El Rinconcito Taqueria,33.8079754,-118.2659726
Las Playas de Don Arturo,34.1542327,-119.1818155
Tacos Y Mariscos Sergio Taqueria,36.141853399999995,-120.3578582
El Favorito Taqueria,37.6891592,-121.0540762
Mac Taco & Pollo,34.056741099999996,-118.27640629999999
Morena’s Mexican Cuisine,33.5219808,-117.61759959999999
El Sabroso,35.4003344,-119.4695471
Taquiza Limon 2,37.925719099999995,-121.7228356
Valencia Market y Taqueria,38.2810372,-122.29252559999999
Taco Bell,34.1361541,-118.3522443
Healthy Life Shakes,38.3532175,-121.9526137
Mariachi’s Restaurant,38.8035147,-123.5783015
Mexican Express,34.1738646,-119.16137429999999
Turtle Bay Taqueria,36.5989465,-121.89332879999999
El Nuevo Frutilandia,37.7524332,-122.41345419999999
Tacos El Compita,33.6799819,-117.9109538
Tacos y Birria Miguelito #1,33.7463251,-117.895806
Taqueria Mexico,33.7711434,-117.9210212
3 Hermanas,38.5717916,-121.46263789999999
El Capitan Taqueria,37.7609317,-122.436028
Una Mas Mexican Grill,37.67914,-121.777895
El Costeño Mexican Kitchen Tacos & Seafood,33.827275799999995,-118.07153819999999
El Vaquero Restaurant,34.30814,-118.4500527
Taqueria El 14,34.285342899999996,-118.87248179999999
Nono's Mexican Restaurant,33.508014599999996,-117.6595993
Carniceria Las Glorias market #2,34.1330563,-117.8990372
Carmen's Place,33.0778031,-116.6009309
The Original El Gavilan,33.9896011,-118.27807609999999
2 Amigos Taco Truck,36.7073754,-119.74620859999999
Taco Bell,38.1153112,-121.3938323
Taco Bell,38.2603534,-122.05183869999999
Moreno's Rico Taco,34.1674048,-117.28521149999999
Papas & Tacos,34.247403999999996,-118.4191512
El Pollo Gordo,34.1836538,-118.322199
Pablito's Tacos,34.1724434,-118.36988939999999
Tacos Alejandra,35.9711012,-119.29414969999999
Del Taco,34.4708517,-117.3407865
Tacos Estilo Guadalajara,33.9363123,-118.2065083
Fruit Palace,32.5731507,-117.0844906
La Unica,34.9141681,-120.43510339999999
Tortilleria Los Reyes,33.202546999999996,-117.242144
Rubio's,32.70195,-117.18422
Tacos Bernis,34.0953552,-118.2289723
Marisqueria & Taqueria Don Chava,36.3009325,-119.2073516
Viva Be Bowl'D,36.8388671,-119.7530207
La Patrona Mexican Grill,32.696376799999996,-117.08671559999999
Lolita's Tamales,34.0167256,-118.14050979999999
El Pastor Bar & Grill,33.978981,-118.224817
Lino's Tacos,34.222164,-118.42857869999999
Taco's San Pedro,33.8990547,-117.8293734
Tacos Cancun,33.6012189,-117.89995529999999
Ocho Mexican Grill,34.0491035,-118.2561291
Angel’s Tijuana Tacos,33.9790901,-117.5058463
Chipotle Mexican Grill,33.8312911,-118.34940329999999
El Chilango Tacos,33.9582619,-118.03729729999999
El Aji Cocina Peruana,34.0333854,-118.25219469999999
Tacos Alonzo,37.784565199999996,-122.22705979999999
El San Marcos Mexican Restaurant,36.3332726,-119.2978751
American Street Tacos,33.9544194,-118.3526907
Achiote Grill,33.719726,-118.00056869999999
Acapulco Gardens Mexican Food,37.935601,-121.2849186
Mexicali Bar & Grill,33.9901044,-117.34816789999999
Micheladas Mex Grill,34.2467889,-118.5370066
La Palapa Taco Shop,32.8232832,-117.21421219999999
Amigos Tacos,33.8621775,-118.39956839999999
Tacos la Perla,37.8160884,-122.28700269999999
Mi Ranchito Downtown,38.441298599999996,-122.71374259999999
Los Portales,37.3995708,-122.0744307
Bernardos Mexican Restaurant,38.7402375,-121.1697592
Birrieria El Puente,38.0056733,-121.8940274
Mama Testa,32.7482462,-117.15081819999999
Los Cilantros,37.852829,-122.2658948
Cantina Verde,37.7923225,-122.3983866
Tacos Mariscos Tijuana,36.6043678,-119.4334658
Taqueria La Fiesta,38.0653564,-122.539064
Tacos Mi Estilo Jalisco,33.1485415,-117.1882881
La Piramide Salvadoreña Restaurant,34.0764875,-118.2965942
El Puente Taqueria,38.1267813,-121.26092879999999
Taqueria Vallarta,37.752409899999996,-122.4125916
Las Palmas,37.729811,-122.39215499999999
Tacos El Flaco,37.7526322,-122.38696069999999
La Ranchera Mexican Food,33.9321865,-117.9359071
D Poly,32.6669845,-115.4905225
La Palapa Mexican Restaurant,32.8559905,-116.92880919999999
Lupita's Express,33.966287699999995,-118.11624599999999
Tacos Huetamo,34.0025938,-118.27360309999999
EL MICHOACANO TACOS,34.0711132,-118.28128009999999
Coupa Cafe - Stanford Golf Course,37.4211787,-122.184247
Inka Palace Peruvian Restaurant,38.005702899999996,-121.80477889999999
Los Locos Mexican Restaurant,32.7530415,-117.1949135
Oscar’s Mexican Seafood,33.0477308,-117.25588049999999
Los Famosos Tacos Al Carbon,34.0409668,-118.171088
Andy's Surf N Turf Tacos,34.2562967,-118.50161879999999
Las michoacanitas,37.4623627,-122.1394443
Taqueria El Indio,37.6662581,-122.1129673
Crazy Bull Inc.,32.6780185,-115.5001836
QMT Quiero Más Tacos,33.7789268,-118.2760046
Tacos Estilo Guadalajara,33.9099439,-118.1429886
El Potrillo Cafe,34.0753925,-118.286599
El Ranchito Taco Shop,33.730061,-116.969605
Don Gerardo's Restaurant,34.091508499999996,-118.0415251
Rincon Tarasco,37.4717643,-122.20442399999999
Vargas Food & Beer,36.679680499999996,-121.66107149999999
Mikey V's,36.207985199999996,-119.34584149999999
Tacos El Jarochito,37.4706982,-122.20279649999999
Sabor Mexican Grill,32.7418182,-117.04465259999999
Taqueria Jalisco,34.0400682,-118.3432613
Los Tacos,33.179140499999995,-117.29515169999999
El Torito Grill,34.1542485,-118.4669914
Cut360 Westlake,34.160702,-118.823448
Amapola Rico Taco,34.121114,-117.312997
Carnitas al Estilo Michoacan #2,33.9180059,-117.26078419999999
Baker's Drive-Thru,34.107005,-117.361396
El Pollo Loco,34.13619,-117.29999
Leno's Rico Taco,34.0681648,-117.33128359999999
Adriana's Mexican & American Restaurant,40.859425,-124.0731083
Baja Taco House,33.7151296,-118.02240549999999
Taqueria Guerrero #2,33.8453738,-117.94082019999999
Taqueria Santa Fe,36.5400448,-119.286542
El Dorado Mexican Food,33.483998199999995,-117.14330609999999
Sabor A Malibu,34.035336,-118.85248059999999
Chili's Grill & Bar,35.5869633,-120.69681569999999
MR Tacos Inc,32.7865079,-115.5528367
Jilberto's Taco Shop,33.2889333,-116.95783329999999
Es Todo Vegan Street Food,34.0348507,-118.23411189999999
Baker's Drive-Thru,34.120936,-117.37452599999999
Taqueria La Chiquita,40.8702803,-124.0877307
Los Tres Pollos #3,33.8599025,-118.1595814
Frida Mexican Cuisine,33.8339072,-118.35126269999999
SALVIMEX110 RESTAURANT & BAR,33.903340799999995,-118.291241
Carolina's Mexican Restaurant,38.472023,-121.4276352
Tacos El Tio,33.9031168,-118.29206169999999
El Taco Chico,34.1838178,-118.7843023
Hermosa Mexican Cuisine,33.8596611,-118.399147
tacos la calle,33.837982,-117.9941784
Cardenas Markets,34.0618003,-117.7377267
Taco Bell,33.8457708,-117.53877849999999
Tacos/Moulita Stand,34.0778465,-118.17758939999999
Taco bell,33.759624599999995,-117.9806807
MR TACOS,32.6600847,-117.0720625
Baja Fresh Mexican Grill,37.3332321,-121.88785639999999
Tacos El Hidalguense,37.4707527,-120.8493118
Taco Truck REY de REYES,37.486703999999996,-120.8495631
Las Lomas Restaurant,34.309968399999995,-118.47375219999999
New Buenos Aires Bakery & Cafe,34.1677429,-118.3241444
SOL Mexican Cocina,33.6158791,-117.901567
Los Primos Taqueria Y Restaurant,35.9735957,-119.2943722
La Hoya Mexican Restaurant,38.352088599999995,-122.71229179999999
Graciela's Restaurant,34.047370199999996,-118.2932398
Taqueria Dos Hermanos,37.9482431,-121.28707019999999
Tacos Cala,37.7759171,-122.4203709
Tacos Estilo Sinaloa,33.9624489,-118.112088
Alexander's World Famous Tortas,33.903635099999995,-118.212902
Señor Baja,33.887818599999996,-118.081311
Albert Fresh Mexican Food,33.8663277,-118.20080879999999
Zapata Mexican Grill,37.7609506,-122.43601629999999
Puro Sabor Peruvian Restaurant,34.1862174,-118.44853649999999
Guanatos Taco Truck,37.5022683,-121.95249589999999
Taco Bell,38.0799689,-120.5558495
Jose Chiquito,34.050651099999996,-118.2486879
Z & J Taqueria,34.187270999999996,-118.4490076
Rosie's,34.0332996,-117.098062
Cabanna Seafood and Grill,33.132875,-117.0625139
La Cocina del Abuelo - Food Truck,33.1397158,-117.1842472
El Rincon Mexicano,33.7477496,-117.8673809
El Rey Moro Taco Shop,32.805940299999996,-117.22126349999999
Del Mar Cafe,34.093516699999995,-118.0994425
Mariscos Alas,33.8923135,-118.1599071
Mariscos El Costeño Mexican Restaurant,33.9174156,-118.16917409999999
Cazuelas Grill,37.981111899999995,-122.3295512
Mi Pueblo Restaurant,37.532548,-121.96025499999999
Yuyis Tacos,37.710336999999996,-122.16114019999999
El Rocoto,33.8589148,-118.08985229999999
Tacos Mexico,33.9746606,-118.18769909999999
Tia Juanita's,35.4954039,-120.6842259
El Torito,34.156407,-118.3349865
Taqueria La Laguna,37.716136899999995,-122.16220849999999
El Super Antojito,36.6844636,-119.5571739
Taco Stand,36.6055412,-119.55926509999999
Tacos Panzon,37.8171081,-122.2910156
Chipotle Mexican Grill,33.7436783,-116.21718589999999
El Taco Llama Restaurant,34.193393799999996,-118.4754928
Taqueria Del Mar,36.6130255,-121.90094939999999
Benny's Tacos & Rotisserie Chicken in Westchester,33.9599966,-118.4168807
Rubio's,33.68611,-118.00662
F.S. Mexican Food,34.1075543,-117.8284152
Moe's Southwest Grill,38.730047,-121.2725478
El Chalateco,34.0325865,-118.29574699999999
El Rancho Mexican Restaurant,36.4291043,-120.10283109999999
Taqueria Michoacan,33.9572462,-117.63271809999999
Los Arcos Mexican Restaurant,37.6671665,-121.0124688
Paco's Tacos,34.135905199999996,-117.30706629999999
Chef Burger,34.177571,-118.850515
Raspaditos,34.140202699999996,-116.0546145
Casa Barajas,37.7652378,-122.4781776
Gallardo's,37.762175,-122.41597499999999
Azulé Taqueria,34.0167295,-118.49702959999999
La Cabanita,35.60129,-119.3439404
Taqueria El Gallo Jr,37.3503219,-121.860086
Placita Cafe,34.0585405,-118.23781559999999
Lupita's Mexican Grill,33.8388883,-118.3851794
Maderos Cocina Mexicana,33.8389982,-118.38574489999999
Paletalandia,38.1311441,-121.2602663
Tacos Mi Pueblo,33.7516327,-118.0062561
Cabo Taco Baja Grill,33.8972628,-118.00550919999999
LA ESTRELLA LATINA,34.056123899999996,-117.65139429999999
Taco Bell,37.682850699999996,-122.4885429
El Jalapeño Restaurant,37.3760658,-121.83566019999999
El Chamango,33.747050099999996,-118.0112781
Mi Lindo San Juan,36.5065137,-121.4434776
La Tripa Veloz,33.9658209,-118.186511
Los Güeros Comida Mexicana & Tacos Al Vapor,33.8930435,-118.19278709999999
Birrieria Gonzalez,34.0736111,-117.43666669999999
Amigos Mexican Restaurant,37.3629306,-118.39561189999999
Comalapa Restaurant,37.8056755,-122.2957505
Plaza Jalisco Restaurant #1104,34.2274904,-118.4493656
Taco Bell,36.7362703,-119.7563727
La Tapatia Tacos Y Tortas,34.0928529,-117.33309919999999
Cabos Mexican Restaurant,38.9622222,-122.63333329999999
El Nopal,38.102304499999995,-122.25632019999999
Mr. Manitas Taco Bar and Fruteria,33.0781892,-116.601036
Taquitos la bombonera 2,38.668017,-121.7667099
Mi Sinaloa Restaurant,35.36943,-118.97294799999999
Garden Juice,34.045614799999996,-118.25424749999999
Rosita Mexican Restaurant,34.0841509,-118.22161849999999
Tacos de camaron,34.0027793,-118.2304391
Del Taco,38.3519733,-121.975628
Marlin Restaurant- Mexican & Seafood,33.8691001,-118.0815643
The Fifth Lounge,34.0994698,-117.4382713
"Tacos Josefina, Jose's Taco Shop",36.7711445,-119.8438199
Taqueria Pinolera,39.721565999999996,-121.8277782
Elma’s Taqueria,37.324059399999996,-121.80999759999999
Taco Bell,34.2015817,-118.43048619999999
Vaqueras,34.9321133,-120.43659339999999
San Juan Rotisserie Pollo,33.9632869,-117.6962121
Alfreditos Mexican Food,34.0119938,-117.48093069999999
Del Taco,34.0726763,-117.557098
Taqueria Carmelita,34.960771199999996,-120.4364634
Mariscos El Chuy #2,33.9290205,-118.352272
Del Taco,33.8617308,-118.30887879999999
Taco Bell,34.0579907,-118.2925666
Cabo Cantina,33.9793861,-118.4658583
Super Torta Mexican Food,33.8490573,-117.942585
El Pollo Loco,33.931267,-118.21154999999999
Carnitas El Rincón,37.3666927,-121.8272394
3 Queens Carnitas,36.8385645,-121.39624599999999
Señor Burro,32.7865774,-117.0038902
Fresh Mex Bar & Grill,34.161322,-119.1773578
Baja Springs,33.846317,-116.52775059999999
Paletas y Nieves Limon,33.9831813,-118.185696
Los Arroyos Camarillo Mexican Restaurant & Take Out,34.216352799999996,-119.0654083
La Casita Rivera,33.8275127,-118.1853203
Mariscos Uruapan Restaurant,34.0808901,-117.9828392
Guadalajaras Birrieria,34.1210737,-117.2505442
Taqueria Mila,38.4095406,-122.71208089999999
"Forty's Bakery,Restaurant & Juices",34.0436315,-118.2506038
United Paleteria Y Neveria,37.3455602,-121.84794369999999
El Porton Colombiano Restaurant,33.673313199999996,-117.9734
Miel de Agave Azul,37.681642499999995,-121.7682509
Al Teatro Panini Grill,32.7185085,-117.1622635
Tuition Tacos,33.9813751,-117.3403865
Barranco taco bar,34.1645044,-118.3740665
Tamales Coral,37.6088923,-120.99403989999999
Brasserie Saint James- Mission,37.7609717,-122.42169489999999
La Burrita Truck,37.2662176,-121.9404005
Taqueria Santa Cruz II,36.9784417,-122.0128278
Casa Delicias,34.4222204,-117.3022604
Senor Baja,34.1060188,-117.57693549999999
Taco Bell,33.8854446,-117.3491363
El Nuevo Tlaquepaque,36.296142599999996,-119.1420576
Moreno Taco Shop,36.9619113,-120.05625959999999
East Los Tacos,34.039063999999996,-118.1690904
Taco Bell,34.274011099999996,-118.4488901
Mission Burrito,34.1863853,-118.64207599999999
Taqueria El Cino,32.583474599999995,-117.0965253
La Villa Taqueria,35.375726,-118.93947229999999
Del Taco,35.383889599999996,-119.0936684
Ajua! Modern Taqueria,35.392572099999995,-118.9662743
Taqueria Diego,36.743303,-119.75386359999999
Alams Taqueria,37.2722506,-121.9323508
Simon's Restaurant,34.021629,-118.163888
Papi Rico,37.7601444,-122.4351451
Castañedas Mexican Food,33.9393427,-117.95645449999999
Taco Bell,33.975294999999996,-117.34255379999999
Super Taco,36.3571069,-119.3152325
Santeria,37.7649189,-122.4318837
Green Onion Mexican Restaurant,33.7385914,-118.2806056
El Mezcal Mexican Restaurant,38.197170199999995,-120.68350219999999
Jimboy's Tacos,38.664688999999996,-121.22504599999999
Tacos Xochimilco,37.7714746,-122.2098541
M&C Grill Sports Bar,33.6423026,-117.5749183
Tito's LaEspecial,33.760245,-117.87276279999999
Almas Mexican Food,40.9046814,-124.080564
King Taco # 1,34.09406,-118.226508
California Tacos,36.5410265,-119.39091769999999
Tacos La Nueva,38.618432899999995,-121.41421299999999
Las Islas Maria,34.0700964,-117.3785496
Wahoo's Fish Taco,34.171816,-118.56786299999999
Chio's Tacos,34.092020399999996,-117.31350379999999
Taco Bell,33.9545002,-116.5018248
Del Taco,33.823416699999996,-116.5277203
Rosa Maria's Mexican Food,34.122767599999996,-117.19517979999999
El Callejon Encinitas,33.047741,-117.293583
Arco Iris Juice Bar & Restaurant,34.196019,-119.177224
El Agave Taqueria,39.042131999999995,-121.093599
Casa Maria,36.8077635,-119.70702589999999
Taco Bell,36.8366235,-119.789705
Rubio's Coastal Grill,33.192389999999996,-117.25434
Que Viva,38.6577282,-120.97316169999999
Playa Linda Taqueria,38.6905757,-121.4565451
Adalberto's Méxican Food Restaurant,38.789578,-121.223699
Amigos De Acapulco,39.7252316,-121.835898
Del Taco,40.1830101,-122.2208752
Taqueria La Estrella,37.808423499999996,-121.21708339999999
Stand Up Tacos,34.0707082,-117.922767
The Galley Fish Tacos,34.4824379,-117.33814919999999
Compadres Estilo Tijuana,36.2486495,-119.7807083
Yona Redz,34.4177392,-119.69631609999999
Doña Marta's,34.018873899999996,-118.1512781
Guerrero's Taqueria 2,37.6606714,-122.4785508
Chacho's,37.3352916,-121.8875568
Puerto Azul Restaurant,37.310226,-121.9018507
Birrieria El Primo,37.2600848,-121.80776259999999
Chipotle Mexican Grill,37.3830938,-121.8967541
Linda's Mexican Restaurant,37.3474031,-121.86741289999999
Mariscos Baja,34.053806099999996,-117.77558339999999
Mi San Salvador,33.9588682,-118.2227405
Taqueria Mi sazon,37.714577999999996,-122.44291
El Nuevo Mexicali III,36.125705499999995,-118.8228675
Balbuena's Mexican Restaurant,33.9366457,-118.2827938
Boca Del Rio,34.0413986,-117.9497904
Mofongos,34.175454099999996,-118.3812174
The Pollo L.A.,34.0626543,-118.29108289999999
Tacos El Gavilan,34.0977289,-118.3438587
Continental Bakery,34.259247099999996,-118.43298109999999
Isabella's Bar & Grill,37.3623881,-120.5963238
Limeña Peruvian Eatery,34.1737799,-118.8431454
El Burrito,38.6588531,-121.5114675
Tacos Juliet,33.9346879,-118.26537959999999
Green Onion,33.945298,-117.28086789999999
El Parque,33.362391699999996,-117.206475
Frida Mexican Cuisine – Beverly Hills,34.063687,-118.39881
Taco Plus,34.0398645,-118.4627366
Don Cuco Mexican Restaurant,34.1524169,-118.34247859999999
Anita's Mexican Restaurant & Cantina,33.1765165,-117.3629004
Rosarito,34.4118151,-119.856956
TACOS EL PUEBLA,34.2010765,-118.5801467
GREEN BURRITO,33.9393306,-117.9564417
Tacos El Paisa,34.0998616,-117.68216079999999
Carnitas El Rincon,37.338532099999995,-121.8420555
Guadalajara Birreria y Taqueria,34.0545609,-117.7639514
Chavinda Taqueria,36.9693987,-120.0627708
Tu Madres Cantina & Grill,33.6857261,-116.2682335
La Fuente Mexican Restaurant,34.447454799999996,-119.2427546
Taqueria Santa Barbara,34.4234333,-119.70526579999999
Maria's Mexican Restaurant,33.807137499999996,-118.3576777
Paraiso,34.049965199999995,-118.24631289999999
Rubio's Coastal Grill,33.570583,-117.71383999999999
Juanito's Tacos,34.018805199999996,-118.23799749999999
Ole Ole Burrito Express,37.800439499999996,-122.21559579999999
Chipotle Mexican Grill,37.8231593,-122.0040949
Taqueria Morelos #2,33.1262113,-117.08508529999999
El Torito,33.853247599999996,-118.1419116
Aztec Grill,40.9392493,-123.629263
Mariscos El Pescador,36.8219965,-119.7735324
Mexican Imports,36.7362483,-120.0598801
El Taco De Guadalajara,34.2740134,-119.2433337
El Epazote Restaurant,36.8514279,-121.3992564
La Primavera,33.8187212,-117.8355411
Ah-Jijo! Mexican Grill,32.9167781,-117.12666829999999
Tacos Mexico Echo Park,34.0828567,-118.25980249999999
Papi Tio's Tacos,36.7577315,-119.81494359999999
Jimboy's Tacos,38.7060648,-121.3264202
Taco Bell,38.5253021,-121.46505359999999
Pico De Gallo Mexican Food,36.8226623,-119.809208
El Pollo Loco,33.874977,-118.152
El Burrito Grill,33.832472599999996,-118.12555789999999
Zendejas Mexican Restaurant,34.1061111,-117.81833329999999
Rolberto's Taco Shop,32.7556101,-117.1074245
Chipotle Mexican Grill,38.6386761,-121.5049854
Don Fili's Grill,37.7323678,-120.94250369999999
Coliman Mexican Food,32.6908272,-117.10359899999999
Tacos El Tizon 2,34.950981999999996,-120.438553
El Milagro Restaurant # 2,36.6723235,-121.6293484
La Bendición Taqueria y Restaurant,36.7649395,-121.7572766
El Baja,34.0997734,-117.4099579
El Grullense Jal,36.8537442,-121.40172319999999
Taqueria La Nueva Vallarta,38.7892459,-121.2824467
El Burrito Loco Taco Truck,37.2314723,-121.77950129999999
Taco Factory,35.7757459,-119.24702169999999
Tacos Chidos,34.001999999999995,-118.4693946
Our Place Restaurant,33.9378998,-117.2452539
Doña Leo Restaurant,36.6732969,-121.654232
GUACS Woodfire Mexican Grill,33.9756424,-117.8368555
Oaxaco Restaurant,34.199135,-119.18063099999999
Azúcar Lounge,37.7739693,-122.4116315
Tacos El Tizon 3,35.28856,-120.665543
Jalisciense Restaurant,37.1243711,-121.65101589999999
La Cresta Restaurant & Taco Shop,32.8109076,-116.86405549999999
La Cresta Restaurant and Caffé,32.8110351,-116.8640289
Alberto's Mexican Food,34.106991799999996,-117.5969975
Cafe Rio Mexican Grill,36.855496099999996,-119.7869487
Chipotle Mexican Grill,38.7895086,-121.2809068
Lorena's Taqueria,36.2138838,-121.12500089999999
Casamigo Restaurant,36.8941131,-121.7761384
Ramones Mexican BBQ,33.292772,-117.34832109999999
Grace Deli & Cafe,37.3288192,-121.8916366
Mi Jalisco Mexican Grille,39.7226435,-121.8466917
Taqueria Don Lupe,33.9940703,-118.2781407
Tacos Uruapan Food Truck,37.6212649,-122.0997876
Deli-icious Cafe,33.8098933,-117.907348
Del Taco,34.983557999999995,-118.948915
Eddie's Cocina Authentic Mexican,39.1495874,-123.2083406
Angelo's Burgers,33.1997755,-117.3831615
Del Taco,33.795940699999996,-118.1082307
Del Taco,34.1475814,-118.133056
South Beach Bar & Grille,32.747443,-117.25233899999999
Panchitos Mexican Food,36.9595397,-120.05377849999999
Carmelita's Méxican Restaurant,38.7423289,-121.29087159999999
Del Taco,33.8033469,-118.0106916
Taqueria Gudino,35.8037694,-119.10605009999999
Ensenada's Mexican Food,32.8545422,-116.98365439999999
Hacienda Grill,34.2431693,-116.8905185
Tacos Tamix Mexican food truck,34.0128769,-118.4176226
Los Pepes Mexican Grill,33.7570744,-116.389873
El Pollo Loco,33.78669,-117.95902
Phở 45,33.7736762,-117.9712199
Troca De Tacos La Cascada,33.7587443,-117.86858079999999
Mariscos Vista Del Mar,33.8103718,-118.0109743
Un Big Burrito,34.1941437,-118.4497485
Rancho del Zocalo Restaurante,33.812969599999995,-117.9195221
Taco Bell,34.1302478,-118.05499429999999
Flacos,37.854096299999995,-122.2690267
Taqueria Robles,34.9515719,-120.43284159999999
Dos Amigos Tortas,34.121583799999996,-117.21031699999999
Alta California Fonda,34.0486606,-118.3538545
El Bronco Taqueria,34.0445288,-118.35811659999999
Las Isletas Restaurant,37.737069399999996,-122.3901444
Tony's Tacos,36.3125675,-119.2251232
"D'Poly Taco, Grill & Beer",32.79256,-115.57159899999999
Los Cantaros,37.8091803,-122.2565669
El Huarache Loco,35.771349,-119.24641
Lupita's Tacos,36.3841268,-119.2964394
Nory's Restaurant,33.6246857,-117.71448459999999
San Pablo Billiards,37.955208899999995,-122.3471883
El Campestre Dos Restaurant,37.3139974,-121.0224454
Taco Bell,37.3088962,-121.0190556
Taqueria El Taco Loco #7,34.018515,-118.29994699999999
Chronic Tacos,33.1359481,-117.1797167
Primos Mexican Food,32.9940857,-117.2550996
El Burrito Loco,35.5939793,-119.33402919999999
El Favorito Taqueria,39.2328092,-121.038282
Q's Tacos Restaurant,33.511679799999996,-117.15924009999999
Taqueria los hermanos #2,34.5292872,-117.3205847
Tacos Juanita's Estilo Mezcala,37.6533517,-122.433055
Marthas Tamales ( Traila Truck ),37.6059536,-120.99403989999999
Cecilia's Restaurant,36.750415,-120.38598999999999
El Caserio Restaurant,34.0777656,-118.28059499999999
Taqueria Azteca,37.4271852,-122.143957
Tacos El Palomas,33.8910465,-118.19278469999999
Ponce's Mexican Restaurant,32.7634628,-117.1082107
Rigoberto's Taco Shop,32.7786737,-117.0187314
Estancia at The Grand Conquista,34.0038266,-117.72437439999999
Pancho Villas Restaurant,37.98647,-122.58224
Park Avenue Restaurant Polynesian and Mexican Store,33.9749603,-117.3659134
Brazuca Brazilian Cuisine,33.897486,-118.396442
El Huarachito Casero,34.259478,-118.43157099999999
Mi Casita Mexican Restaurant,36.605723999999995,-119.53137
La Buena Taqueria and More,36.9154374,-121.77504119999999
Hortencias OC Mexican grill,33.8035115,-118.07559699999999
El Ensenada Express,33.770345,-117.851676
El Palacio Restaurant & Night Club,34.0373849,-117.95069
El Toro Bravo,33.6437129,-117.9221288
Taqueria HOY!,33.7911388,-117.83512429999999
Rubio's,33.977652,-118.39147899999999
Taqueria Los Compadres,36.7696894,-119.79021379999999
Tacos el pleve,33.984989399999996,-118.0570965
Fresh Burrito Mexican Grill,34.2483825,-119.19700309999999
Alberto's Mexican Food,34.073705499999996,-117.6698081
Los Portales Taco Shop,33.639396,-117.16723569999999
El Pollo Loco,34.195248,-118.35018
Los Pilares,34.2648587,-118.4235097
TAQUERIA VIVA VILLA MARKET,34.063142,-117.47586
Lena's Cantina,39.8113369,-120.467755
Panadería Guila,34.090406,-118.3132497
Los Primos TACO Truck,34.0030237,-118.4343426
Vallarta#2,33.8700715,-117.5675265
Del Taco,33.9457259,-117.41755339999999
Miguel's Jr.,33.909385199999996,-117.45618169999999
taco mania,33.9906754,-117.3488407
Rancho La Perla Restaurant,33.9187358,-117.4457182
Mr Pepe's,33.9921623,-118.0917255
Tacos Gamboa,33.896284,-118.1972883
Parra's,37.7772107,-122.22459549999999
El Portal Restaurant,35.3338618,-119.0761033
Del Taco,34.0779345,-117.61042789999999
Chipotle Mexican Grill,32.9812866,-117.2497982
Mariscos Tacos Grill,33.7884101,-117.80553429999999
La Parrilla Mexican Restaurant & Bar,37.6679897,-120.9931433
Chili's,37.6888109,-121.0541136
Mariscos 4 Vientos,34.0215551,-118.21399459999999
Asadero Neighborhood,32.6788216,-115.50217359999999
Taqueria Hidalgo,37.477693699999996,-120.8670243
Taco Bell,37.6104029,-120.9747367
Susy’s Méxican Food,37.9667889,-121.2969194
Casa Flores Restaurant Authentic Mexican,38.019633,-121.2985829
Las Delicias Cafe,34.273016999999996,-119.26167
MIA'S Tacos,36.3120417,-119.21843039999999
Taqueria Vallarta,37.764581899999996,-122.41983769999999
Delicias Taqueria,36.913232199999996,-121.7559342
Tacos Panchito,33.8774091,-117.59445249999999
Eriberto's Taco Shop,32.701901299999996,-117.0302729
Tacos Mexico,34.470813299999996,-117.3391987
Taco Bell,39.7553276,-121.85950249999999
Raul's Mexican Food,33.046171199999996,-117.2941785
Molcajete Cocina Mexicana,37.8061782,-122.2668621
Menudo Y Quesadillas,33.9322947,-118.278275
La Chaparrita,37.6338875,-122.06348129999999
20/20 Bar & Grill,34.057983799999995,-117.74981389999999
Daisy's Taqueria,37.685803899999996,-122.399777
Taco Bell,33.6305794,-117.7173447
Amigos,36.2292962,-119.3315243
Mi Lindo Michoacan,38.4220756,-122.71436539999999
Taco Bell,38.3357196,-122.6776883
Mariscos Los Altos,37.7392349,-121.42368309999999
El Pollo Campeon,34.282237099999996,-118.4411894
El Taco Loco,35.3169132,-119.05635269999999
Taqueria Monte Alban,33.690103,-116.18335599999999
El Pollo Loco,36.808247,-119.70232999999999
Misky Misky Cocina Peruana,34.073896,-117.873311
Smart Choice Supermarket,33.8865518,-118.0835389
El Flamin Taco,34.097415999999996,-118.32400659999999
LA GRANA FISH,37.774977199999995,-122.22685489999999
La Hacienda Petaluma,38.2361259,-122.62274169999999
Los Primos Birria,32.609872599999996,-117.0683346
Taco Station,33.984812999999995,-117.378288
Tropical Oasis,32.629078899999996,-117.04583769999999
Taqueria El Paisa@.com,37.7708401,-122.21117609999999
"Casa de Freds, Tacos y Tequila",32.7524659,-117.19414979999999
Birrieria Esquivel,33.9557571,-118.21250149999999
Don Baja Grill,34.1148914,-117.7749613
Tacko,37.7982933,-122.4358822
Carrillo's Restaurant Taqueria,36.7283779,-119.76330139999999
Chipotle Mexican Grill,33.978883499999995,-118.370701
PaPa Pancho's Taqueria,37.6800827,-122.1280086
King Taco # 20,34.076188,-118.02137499999999
Xécora Gastronomía Urbana,34.091346699999995,-118.01534459999999
Tequilas Cantina & Grill,34.1655404,-118.3534542
Hercules Burgers,33.788063099999995,-117.8192426
Del Taco,33.8345683,-117.8384292
Diana's Mexican Food Products Inc,34.0574422,-118.01584179999999
Tortas Ahogadas El Rey,33.9804436,-118.2256395
Los Yaquis,37.746904799999996,-122.4137818
Peter's El Loco,34.0669,-117.92618999999999
El Torito,34.1509581,-118.447662
Mezcalito Oaxacan Cuisine,38.792313899999996,-121.2345572
TANTO Japanese Restaurant,37.352633,-122.0039537
Micheladas Mexican Grill,34.416298499999996,-118.45112049999999
Guelaguetza Restaurant,34.0524074,-118.3006681
Chipotle Mexican Grill,33.800772099999996,-116.52167569999999
Taco Bell,37.335789,-121.8926271
Hecho En Mexico Taqueria,38.273071099999996,-121.9594377
Baja Fresh Mexican Grill,34.0659646,-117.2695825
Yahaira's Cafe,34.1456853,-118.1359605
Guacamole Grill,33.8457206,-118.0628637
Baja Fresh Mexican Grill,34.4698856,-117.35089409999999
KALIENTE RESTAURANT,37.965039999999995,-122.3145605
Rosales Mexican Restaurant,34.4242779,-119.6833015
Tasty Chicken,34.1223149,-117.5940414
El Pollo Loco,38.587654,-121.41489
La Costeña,37.3973873,-122.061104
Beach House Tacos,34.2758781,-119.2905097
Taco Bell,34.2713701,-118.77117899999999
1st Street Burger House,33.7459468,-117.8379428
Kico's Méxican Food,38.595833299999995,-121.4094444
Del Taco,33.715568399999995,-117.9642702
Tacos La Villa,35.3366036,-119.00347049999999
Pollo Del Norte,35.3712228,-118.97121179999999
El Jardin,37.4971631,-120.84484739999999
Casa Torres Restaurante y Cantina,34.2985207,-118.44121639999999
Maya's restaurant,34.2015004,-118.3728572
Fasika Ethiopian Restaurant,36.8031447,-119.79013909999999
China's Alley,36.2029455,-119.0914669
Los Pancho's Taco Shop,32.6164284,-117.0699463
La Casita OC,33.8359926,-117.8512672
Sonora Grill,33.9182971,-117.2442045
Metro Taquero,37.6661303,-122.1049968
Taco Bell,37.6197069,-122.0361049
La Olla Mexican Grill,34.001064,-117.8127038
Antojitos Tenampa,32.7422251,-117.02672899999999
Mi Amigo Restaurant and bakery,33.383632999999996,-117.25118499999999
Taqueria Don Chepe,37.666255,-121.87382
Leo's Mexican Food,33.885248,-118.3611447
El Huero Drive Thru,34.024803399999996,-118.2778659
Taco Bell,34.0111948,-118.3384765
Alfonso's Carniceria y Taqueria,36.575177599999996,-119.6223024
DON SALSA'S TAQUERIA,36.7577435,-119.81721189999999
Garcia's Taqueria,37.362133,-122.0243301
Lupulandia Brewing,37.761123399999995,-122.4191329
